Month,Milk_Yield_kg,Feed_Cost_USD,Temperature_C,Precipitation_mm
1,14.329575158164491,2.895108112436934,12.60315127732842,2.0006046288139663
2,14.149674318314542,2.902802659359418,16.979300121288354,2.0148376083733885
3,13.936158452698875,2.896122440721858,19.56210245205147,2.0048191308570043
4,13.977399617590823,2.8977728822013464,19.405104331199603,1.9977886773630393
5,14.034768344603055,2.897054845980466,18.417004758327074,1.9756824442774854
