Cow_Group,Milk_Yield_kg,Feed_Cost_USD,Body_Condition_Score,Sustainability_Index
Dry,14.081636110927262,2.895879277251969,2.9961016612614997,71.74160367992586
Fresh,14.114468603861066,2.9010783804308726,2.997208921219873,71.8015176465886
Heifer,14.08904317899876,2.8973472327824243,2.999062787626556,71.81398975549241
Late Lactation,14.093386749992833,2.896577702605854,3.000284952555686,71.78563024969183
